﻿<?xml version="1.0" encoding="utf-8"?><FCIV><FILE_ENTRY><name>autorun.inf</name><MD5>rA5yxPDGAKyxgwXochyTxQ==</MD5></FILE_ENTRY>
<FILE_ENTRY><name>GettingStartedGuide.pdf</name><MD5>qn9wcMGnpbhKp/BFKbAAvg==</MD5></FILE_ENTRY>
<FILE_ENTRY><name>GPIBProgrammingReferenceManual.pdf</name><MD5>FJiV+RG0UJQwbPmxlg0pXQ==</MD5></FILE_ENTRY>
<FILE_ENTRY><name>nidist.id</name><MD5>kWmP3ygR5YOhl19C5CM8Fg==</MD5></FILE_ENTRY>
<FILE_ENTRY><name>patents.txt</name><MD5>l7Wb24cNwoJzbjC6XMB3Jw==</MD5></FILE_ENTRY>
<FILE_ENTRY><name>ReleaseNotes.htm</name><MD5>WQmXZuCoDAwqaHg3KCXYHA==</MD5></FILE_ENTRY>
<FILE_ENTRY><name>setup.exe</name><MD5>bWGDINuvXZtU7IzVJWR2/Q==</MD5></FILE_ENTRY>
<FILE_ENTRY><name>setup.ini</name><MD5>P18hSOczxnHgaVSES8Om2w==</MD5></FILE_ENTRY>
<FILE_ENTRY><name>LicenseAgreements\GPIB-488 License Agreement - English.rtf</name><MD5>9cSS4qgg4m44ikG/n1egxQ==</MD5></FILE_ENTRY>
<FILE_ENTRY><name>LicenseAgreements\NI Released License Agreement - English.rtf</name><MD5>Cxer2Zd0T/L+FrZc4FLc/Q==</MD5></FILE_ENTRY>
<FILE_ENTRY><name>LicenseAgreements\NI Released License Agreement - French.rtf</name><MD5>IzDT1FS4F6iTr6oVQi9k6A==</MD5></FILE_ENTRY>
<FILE_ENTRY><name>LicenseAgreements\NI Released License Agreement - German.rtf</name><MD5>hVbpDhMgk1W7Gf+kGyWV4g==</MD5></FILE_ENTRY>
<FILE_ENTRY><name>LicenseAgreements\NI Released License Agreement - Italian.rtf</name><MD5>Spu5ggOZeoaWS7D9esOpxg==</MD5></FILE_ENTRY>
<FILE_ENTRY><name>LicenseAgreements\NI Released License Agreement - Japanese.rtf</name><MD5>D4dR7JZWDjrKOQxxlyaLtA==</MD5></FILE_ENTRY>
<FILE_ENTRY><name>LicenseAgreements\NI Released License Agreement - Korean.rtf</name><MD5>SEwiBAW89essU+hz2scobA==</MD5></FILE_ENTRY>
<FILE_ENTRY><name>LicenseAgreements\NI Released License Agreement - Simplified Chinese.rtf</name><MD5>mHVU/E58nBnddP9ROLEFig==</MD5></FILE_ENTRY>
<FILE_ENTRY><name>LicenseAgreements\NI Released License Agreement - Spanish.rtf</name><MD5>wopy1Sb1tLgiobPyRUvuKQ==</MD5></FILE_ENTRY>
<FILE_ENTRY><name>LicenseAgreements\XercesLicense.txt</name><MD5>0nPWNhnJrq8Vza92QixPhw==</MD5></FILE_ENTRY>
<FILE_ENTRY><name>LicenseAgreements\XercesNotice.txt</name><MD5>F3W0K9+ouCPCxhte5bmrrw==</MD5></FILE_ENTRY>
<FILE_ENTRY><name>Products\GPIB-488\gpib488\gpib488_keithley.msi</name><MD5>xOSehnjC+V+wRkdADL2rgQ==</MD5></FILE_ENTRY>
<FILE_ENTRY><name>Products\GPIB-488_Arp\gpib488arp\gpib488_arp.msi</name><MD5>6pWXoJDminTzgVCo7xpN+Q==</MD5></FILE_ENTRY>
<FILE_ENTRY><name>Products\GPIB-488_Driver\gpib488driver\gpib488_64.msi</name><MD5>2J299NLzPQkHIvsF3ssIow==</MD5></FILE_ENTRY>
<FILE_ENTRY><name>Products\GPIB-488_Driver\gpib488driver\gpib488_driver.msi</name><MD5>g6Voj1CTk6LhWkvztgV8Gw==</MD5></FILE_ENTRY>
<FILE_ENTRY><name>Products\MDF\MDF\EULADepot.msi</name><MD5>7kxQ/QcZWHwCuafkJLCmiQ==</MD5></FILE_ENTRY>
<FILE_ENTRY><name>Products\MDF\MDF\EULADepot.msi_chs.mst</name><MD5>2LSi/ex8Q3FutwT4J2nC7A==</MD5></FILE_ENTRY>
<FILE_ENTRY><name>Products\MDF\MDF\EULADepot.msi_cht.mst</name><MD5>+w7wBhDGSnFoON/usU+VxA==</MD5></FILE_ENTRY>
<FILE_ENTRY><name>Products\MDF\MDF\EULADepot.msi_deu.mst</name><MD5>DKnmySKnfe0R0j8zOTVa+g==</MD5></FILE_ENTRY>
<FILE_ENTRY><name>Products\MDF\MDF\EULADepot.msi_fra.mst</name><MD5>AFpj55cPOtSjNkwuVhwYVA==</MD5></FILE_ENTRY>
<FILE_ENTRY><name>Products\MDF\MDF\EULADepot.msi_jpn.mst</name><MD5>SJIpNG2EZreeziSIq6B8Dw==</MD5></FILE_ENTRY>
<FILE_ENTRY><name>Products\MDF\MDF\EULADepot.msi_kor.mst</name><MD5>+4ZYOLMHj41CA2H5ZCLlcQ==</MD5></FILE_ENTRY>
<FILE_ENTRY><name>Products\MDF\MDF\MDFSupport.msi</name><MD5>bRp0WAh9DogBCSHOa65n3w==</MD5></FILE_ENTRY>
<FILE_ENTRY><name>Products\MDF\MDF\MDFSupport.msi_chs.mst</name><MD5>FOesJafjcP4rj8ENH9jsmA==</MD5></FILE_ENTRY>
<FILE_ENTRY><name>Products\MDF\MDF\MDFSupport.msi_cht.mst</name><MD5>3c7LvjHeq1diOm5j5ob1qQ==</MD5></FILE_ENTRY>
<FILE_ENTRY><name>Products\MDF\MDF\MDFSupport.msi_deu.mst</name><MD5>EJtqzxSwDzf86E3I9fTLKA==</MD5></FILE_ENTRY>
<FILE_ENTRY><name>Products\MDF\MDF\MDFSupport.msi_fra.mst</name><MD5>6eA9HSrl681d5ZPwE+Q8Ig==</MD5></FILE_ENTRY>
<FILE_ENTRY><name>Products\MDF\MDF\MDFSupport.msi_jpn.mst</name><MD5>F5PQMSKY7xmjjKExF6L4Cg==</MD5></FILE_ENTRY>
<FILE_ENTRY><name>Products\MDF\MDF\MDFSupport.msi_kor.mst</name><MD5>S3PJuXrFpSnSVTaibeTJKw==</MD5></FILE_ENTRY>
<FILE_ENTRY><name>Products\MDF\MDF\MDFSupport1.cab</name><MD5>abpjHktTiEMMDqclepaQdA==</MD5></FILE_ENTRY>
<FILE_ENTRY><name>Products\MDF\MDF\MDFSupport_mft.cab</name><MD5>sQ8PmPGnuTIMZaroF/3I7A==</MD5></FILE_ENTRY>
<FILE_ENTRY><name>Products\MetaUninstaller\MU\MetaUninstaller.msi</name><MD5>iFTpp5DKlQasYZWI2eWLNw==</MD5></FILE_ENTRY>
<FILE_ENTRY><name>Products\MetaUninstaller\MU\MetaUninstaller.msi_chs.mst</name><MD5>TxU2uEvTfTC1liGJ0/CYnw==</MD5></FILE_ENTRY>
<FILE_ENTRY><name>Products\MetaUninstaller\MU\MetaUninstaller.msi_cht.mst</name><MD5>AO4LxoYOH5gWpEdBGlc3mA==</MD5></FILE_ENTRY>
<FILE_ENTRY><name>Products\MetaUninstaller\MU\MetaUninstaller.msi_dan.mst</name><MD5>rQ68KAu12HkTBklPiNq/Lw==</MD5></FILE_ENTRY>
<FILE_ENTRY><name>Products\MetaUninstaller\MU\MetaUninstaller.msi_deu.mst</name><MD5>pdMX7YOh24U8snVgU+ml3g==</MD5></FILE_ENTRY>
<FILE_ENTRY><name>Products\MetaUninstaller\MU\MetaUninstaller.msi_esn.mst</name><MD5>23IjQyPzMl32jHuOyKyJUA==</MD5></FILE_ENTRY>
<FILE_ENTRY><name>Products\MetaUninstaller\MU\MetaUninstaller.msi_fra.mst</name><MD5>JxaqAmk8vf5XY8UAR2haKQ==</MD5></FILE_ENTRY>
<FILE_ENTRY><name>Products\MetaUninstaller\MU\MetaUninstaller.msi_ita.mst</name><MD5>zOAuV7b9ixRu5u/pViIotg==</MD5></FILE_ENTRY>
<FILE_ENTRY><name>Products\MetaUninstaller\MU\MetaUninstaller.msi_jpn.mst</name><MD5>FQfMyGiePGuS2ZiXYcLclQ==</MD5></FILE_ENTRY>
<FILE_ENTRY><name>Products\MetaUninstaller\MU\MetaUninstaller.msi_kor.mst</name><MD5>ifVPBdArT7j6W7vI7PaT3g==</MD5></FILE_ENTRY>
<FILE_ENTRY><name>Products\MetaUninstaller\MU\MetaUninstaller.msi_nld.mst</name><MD5>lYGgbdYv8F4NH8STtxKzdQ==</MD5></FILE_ENTRY>
<FILE_ENTRY><name>Products\MetaUninstaller\MU\MetaUninstaller.msi_nor.mst</name><MD5>LWrcMNKEUCFbFc2zmGUfvw==</MD5></FILE_ENTRY>
<FILE_ENTRY><name>Products\MetaUninstaller\MU\MetaUninstaller.msi_ptb.mst</name><MD5>hCPHHKqcDvZijOl4x4Uesw==</MD5></FILE_ENTRY>
<FILE_ENTRY><name>Products\MetaUninstaller\MU\MetaUninstaller.msi_rus.mst</name><MD5>ZQqIbAuBVsE2sZFDMHSrVw==</MD5></FILE_ENTRY>
<FILE_ENTRY><name>Products\MetaUninstaller\MU\MetaUninstaller.msi_sve.mst</name><MD5>PCRq8aZ9eYryKHT/SzSiEg==</MD5></FILE_ENTRY>
<FILE_ENTRY><name>Products\MetaUninstaller\MU\MetaUninstallerR1.cab</name><MD5>UpSDMYLg4Sa5HSMFWoQ04g==</MD5></FILE_ENTRY>
<FILE_ENTRY><name>Products\MetaUninstaller\MU\MetaUninstaller_mft.cab</name><MD5>mnbwps2DS/Qud+Ndqy5N2A==</MD5></FILE_ENTRY>
<FILE_ENTRY><name>Products\NI-PAL\palSetup.msi</name><MD5>CqWv9dV76PfLF5qernSTAg==</MD5></FILE_ENTRY>
<FILE_ENTRY><name>Products\NI-PAL\palSetup64.msi</name><MD5>5jT1p1Hk1c1pzanEdeuOGQ==</MD5></FILE_ENTRY>
<FILE_ENTRY><name>Products\NI-PAL\palSetup64_chs.mst</name><MD5>FT6a2JsegNwFCsENnRW7qA==</MD5></FILE_ENTRY>
<FILE_ENTRY><name>Products\NI-PAL\palSetup64_cht.mst</name><MD5>JeYrDwEtq74ltKxDtYMk+g==</MD5></FILE_ENTRY>
<FILE_ENTRY><name>Products\NI-PAL\palSetup64_deu.mst</name><MD5>YNQMsJvtEl+/fpC5H/+z+Q==</MD5></FILE_ENTRY>
<FILE_ENTRY><name>Products\NI-PAL\palSetup64_fra.mst</name><MD5>jHBCYMYBCZob67pX/o9Tmw==</MD5></FILE_ENTRY>
<FILE_ENTRY><name>Products\NI-PAL\palSetup64_jpn.mst</name><MD5>p8KzYz6ASE3pu28DxG8CcA==</MD5></FILE_ENTRY>
<FILE_ENTRY><name>Products\NI-PAL\palSetup64_kor.mst</name><MD5>YaLNY+3XiIpCTm25xarR8Q==</MD5></FILE_ENTRY>
<FILE_ENTRY><name>Products\NI-PAL\palSetup_chs.mst</name><MD5>meDDN9GQA/++9UL4eU7OmA==</MD5></FILE_ENTRY>
<FILE_ENTRY><name>Products\NI-PAL\palSetup_cht.mst</name><MD5>pAHY379TePI7QZvfHHufzg==</MD5></FILE_ENTRY>
<FILE_ENTRY><name>Products\NI-PAL\palSetup_deu.mst</name><MD5>LdUBxKaiUaD9xgJseK60lA==</MD5></FILE_ENTRY>
<FILE_ENTRY><name>Products\NI-PAL\palSetup_fra.mst</name><MD5>x+a1rU92hGbwg9V/Wjw8ug==</MD5></FILE_ENTRY>
<FILE_ENTRY><name>Products\NI-PAL\palSetup_jpn.mst</name><MD5>3ZEXpj9NgpGae3gBaBN1Xg==</MD5></FILE_ENTRY>
<FILE_ENTRY><name>Products\NI-PAL\palSetup_kor.mst</name><MD5>KgL9311qgeaqwvr8t6W3VA==</MD5></FILE_ENTRY>
<FILE_ENTRY><name>Products\QISI_Certificate\SigningCA.msi</name><MD5>Yl6hFZH6QP8FnN50n4GAnA==</MD5></FILE_ENTRY>
<FILE_ENTRY><name>Products\QISI_Certificate\SigningFakeFeature.msi</name><MD5>tYuWl/iodmYCxUiDA4txCA==</MD5></FILE_ENTRY>
<FILE_ENTRY><name>Products\QISI_Certificate\SigningMain.msi</name><MD5>n7ZL3wiZsM2OC19nBvFEzw==</MD5></FILE_ENTRY>
<FILE_ENTRY><name>Products\QISI_Certificate\SigningMain_chs.mst</name><MD5>9Zg/69LeMLToeITHerDt1A==</MD5></FILE_ENTRY>
<FILE_ENTRY><name>Products\QISI_Certificate\SigningMain_cht.mst</name><MD5>0LZb7HANOnfiUTFqN1RmtQ==</MD5></FILE_ENTRY>
<FILE_ENTRY><name>Products\QISI_Certificate\SigningMain_deu.mst</name><MD5>Tfu5N/5c9/UIyYcWPBmHkg==</MD5></FILE_ENTRY>
<FILE_ENTRY><name>Products\QISI_Certificate\SigningMain_fra.mst</name><MD5>566LIuVPCmFIMLlx8X+B+Q==</MD5></FILE_ENTRY>
<FILE_ENTRY><name>Products\QISI_Certificate\SigningMain_jpn.mst</name><MD5>bZU34GdST0FRhmwtzdSGGw==</MD5></FILE_ENTRY>
<FILE_ENTRY><name>Products\QISI_Certificate\SigningMain_kor.mst</name><MD5>rkEFu4ryns/El/GHzpUmww==</MD5></FILE_ENTRY>
<FILE_ENTRY><name>Products\VC2005MSMs\VC2005MSMs\VC2005MSMs_x64.msi</name><MD5>QgQ4AuDLV+2wdM+6fLOYuQ==</MD5></FILE_ENTRY>
<FILE_ENTRY><name>Products\VC2005MSMs\VC2005MSMs\VC2005MSMs_x64.msi_chs.mst</name><MD5>rgfwqwYC6o/bq8TqzKk+9Q==</MD5></FILE_ENTRY>
<FILE_ENTRY><name>Products\VC2005MSMs\VC2005MSMs\VC2005MSMs_x64.msi_cht.mst</name><MD5>01xcxrrQaeySQX+Oc0MaTg==</MD5></FILE_ENTRY>
<FILE_ENTRY><name>Products\VC2005MSMs\VC2005MSMs\VC2005MSMs_x64.msi_deu.mst</name><MD5>D32R8du1P4JlaET5t/23aQ==</MD5></FILE_ENTRY>
<FILE_ENTRY><name>Products\VC2005MSMs\VC2005MSMs\VC2005MSMs_x64.msi_fra.mst</name><MD5>DXBguc08UdKtg1SlYksqGg==</MD5></FILE_ENTRY>
<FILE_ENTRY><name>Products\VC2005MSMs\VC2005MSMs\VC2005MSMs_x64.msi_jpn.mst</name><MD5>OFzpwcFl9AXyi7K76yBKKw==</MD5></FILE_ENTRY>
<FILE_ENTRY><name>Products\VC2005MSMs\VC2005MSMs\VC2005MSMs_x64.msi_kor.mst</name><MD5>n7yAiAJLRL/Yp/be7vDkeA==</MD5></FILE_ENTRY>
<FILE_ENTRY><name>Products\VC2005MSMs\VC2005MSMs\VC2005MSMs_x641.cab</name><MD5>zU8Da15biFe7iheWlPeeww==</MD5></FILE_ENTRY>
<FILE_ENTRY><name>Products\VC2005MSMs\VC2005MSMs\VC2005MSMs_x86.msi</name><MD5>U4+12A4C4P7b4JdxNU32Rg==</MD5></FILE_ENTRY>
<FILE_ENTRY><name>Products\VC2005MSMs\VC2005MSMs\VC2005MSMs_x86.msi_chs.mst</name><MD5>e5gUqKUWJz9fAY74zV/QbQ==</MD5></FILE_ENTRY>
<FILE_ENTRY><name>Products\VC2005MSMs\VC2005MSMs\VC2005MSMs_x86.msi_cht.mst</name><MD5>UHmoqja/r3hNI45qUXGeuA==</MD5></FILE_ENTRY>
<FILE_ENTRY><name>Products\VC2005MSMs\VC2005MSMs\VC2005MSMs_x86.msi_deu.mst</name><MD5>p9KT2h12WY+SdbbdVDf7Ng==</MD5></FILE_ENTRY>
<FILE_ENTRY><name>Products\VC2005MSMs\VC2005MSMs\VC2005MSMs_x86.msi_fra.mst</name><MD5>DG9E+jVOlJbmX6lcQmcqNA==</MD5></FILE_ENTRY>
<FILE_ENTRY><name>Products\VC2005MSMs\VC2005MSMs\VC2005MSMs_x86.msi_jpn.mst</name><MD5>grbpKRe/up2r1UR/QRlieQ==</MD5></FILE_ENTRY>
<FILE_ENTRY><name>Products\VC2005MSMs\VC2005MSMs\VC2005MSMs_x86.msi_kor.mst</name><MD5>nHy8ky1LL4aR5LoRT+mOmw==</MD5></FILE_ENTRY>
<FILE_ENTRY><name>Products\VC2005MSMs\VC2005MSMs\VC2005MSMs_x861.cab</name><MD5>fNqkoXkyK65kzozk8VPfkw==</MD5></FILE_ENTRY>
<FILE_ENTRY><name>Products\VC2005MSMs\VC2005MSMs\VC2005MSMs_x86_mft.cab</name><MD5>vybuGfvMTwq3+syXuZ6WYA==</MD5></FILE_ENTRY>
<FILE_ENTRY><name>Products\VC2008MSMs\VC2008MSMs\VC2008MSMs_x64.msi</name><MD5>8jgulHjJYYPMUyLbxFIfkA==</MD5></FILE_ENTRY>
<FILE_ENTRY><name>Products\VC2008MSMs\VC2008MSMs\VC2008MSMs_x64.msi_chs.mst</name><MD5>w/MQqU1DmmboevvZya8O4Q==</MD5></FILE_ENTRY>
<FILE_ENTRY><name>Products\VC2008MSMs\VC2008MSMs\VC2008MSMs_x64.msi_cht.mst</name><MD5>MHxTrGtHJMpXQYYWjLMlJw==</MD5></FILE_ENTRY>
<FILE_ENTRY><name>Products\VC2008MSMs\VC2008MSMs\VC2008MSMs_x64.msi_deu.mst</name><MD5>2IQNGtf88N5TIcL0Gv/Qmw==</MD5></FILE_ENTRY>
<FILE_ENTRY><name>Products\VC2008MSMs\VC2008MSMs\VC2008MSMs_x64.msi_fra.mst</name><MD5>Wr5T4iu7uAd9Yk8thHDdiA==</MD5></FILE_ENTRY>
<FILE_ENTRY><name>Products\VC2008MSMs\VC2008MSMs\VC2008MSMs_x64.msi_jpn.mst</name><MD5>tbenDeNRsQ0PG5n8WMFHyQ==</MD5></FILE_ENTRY>
<FILE_ENTRY><name>Products\VC2008MSMs\VC2008MSMs\VC2008MSMs_x64.msi_kor.mst</name><MD5>3Gl1w5oL+8ZAHG5KIEdP6A==</MD5></FILE_ENTRY>
<FILE_ENTRY><name>Products\VC2008MSMs\VC2008MSMs\VC2008MSMs_x86.msi</name><MD5>arHPdazogkkeWNdB9KdLHQ==</MD5></FILE_ENTRY>
<FILE_ENTRY><name>Products\VC2008MSMs\VC2008MSMs\VC2008MSMs_x86.msi_chs.mst</name><MD5>lopuSDuBFLTWvf1oPoy4Hw==</MD5></FILE_ENTRY>
<FILE_ENTRY><name>Products\VC2008MSMs\VC2008MSMs\VC2008MSMs_x86.msi_cht.mst</name><MD5>SB7AzmLNdujTfxTl7XbgsA==</MD5></FILE_ENTRY>
<FILE_ENTRY><name>Products\VC2008MSMs\VC2008MSMs\VC2008MSMs_x86.msi_deu.mst</name><MD5>gwoFM3tDPMJon0llCUukNw==</MD5></FILE_ENTRY>
<FILE_ENTRY><name>Products\VC2008MSMs\VC2008MSMs\VC2008MSMs_x86.msi_fra.mst</name><MD5>eRcoL/LbhmI1p/vyVwjgog==</MD5></FILE_ENTRY>
<FILE_ENTRY><name>Products\VC2008MSMs\VC2008MSMs\VC2008MSMs_x86.msi_jpn.mst</name><MD5>lhS16NSgfbzP1pndBGZ+5g==</MD5></FILE_ENTRY>
<FILE_ENTRY><name>Products\VC2008MSMs\VC2008MSMs\VC2008MSMs_x86.msi_kor.mst</name><MD5>GFYk/XzgeexVvTBM4smxzg==</MD5></FILE_ENTRY>
<FILE_ENTRY><name>Products\VC2008MSMs\VC2008MSMs\VC2008MSMs_x86_mft.cab</name><MD5>70QflmJW6ICs9sSou64fRg==</MD5></FILE_ENTRY>
<FILE_ENTRY><name>Products\VC2008MSMs\VC2008MSMs\x64.cab</name><MD5>OPdXZdVUsqd+AoyigHNujA==</MD5></FILE_ENTRY>
<FILE_ENTRY><name>Products\VC2008MSMs\VC2008MSMs\x86.cab</name><MD5>hgQ+3PGodFs9iy8tDulpaQ==</MD5></FILE_ENTRY>
<FILE_ENTRY><name>SupportFiles\merged.bin</name><MD5>9PnBAb11hP43NiNygGNjZg==</MD5></FILE_ENTRY>
<FILE_ENTRY><name>SupportFiles\niPie.exe</name><MD5>rEuzO33LsaM0viCrQKEtPA==</MD5></FILE_ENTRY>
<FILE_ENTRY><name>SupportFiles\NISysInf.dll</name><MD5>0HMGklnthnQoWgL4bx/r4w==</MD5></FILE_ENTRY>
<FILE_ENTRY><name>SupportFiles\resource.dll</name><MD5>mk7dXEf8mGlYFN8lTsdI7w==</MD5></FILE_ENTRY>
<FILE_ENTRY><name>SupportFiles\sample.spec</name><MD5>pvhBEmxKn0J6CDjNa2DB6g==</MD5></FILE_ENTRY>
<FILE_ENTRY><name>SupportFiles\updateInfo.xml</name><MD5>coJyIewxuFiKMeu+pZrjHA==</MD5></FILE_ENTRY>
<FILE_ENTRY><name>SupportFiles\WindowsInstaller-KB893803-v2-x86.exe</name><MD5>NC95M3dldgrU45LrZ9XtLA==</MD5></FILE_ENTRY>
</FCIV>